{
  "task_idx": 0,
  "agent_count": 4,
  "assignment": {
    "1": 2,
    "2": 4
  },
  "subtasks": [
    {
      "id": 1,
      "title": "Put the SaltShaker in the Fridge.",
      "robot": 2
    },
    {
      "id": 2,
      "title": "Put the PepperShaker in the Fridge.",
      "robot": 4
    }
  ],
  "robot_spawn_positions": {
    "1": [
      -2.0,
      0.9009992480278015,
      2.25
    ],
    "2": [
      1.0,
      0.9009992480278015,
      1.25
    ],
    "3": [
      -0.25,
      0.9009992480278015,
      3.0
    ],
    "4": [
      -0.75,
      0.9009992480278015,
      -0.25
    ]
  }
}