{
  "task_idx": 0,
  "agent_count": 4,
  "assignment": {
    "1": 1,
    "2": 4
  },
  "subtasks": [
    {
      "id": 1,
      "title": "Put the Salt Shaker in the Fridge.",
      "robot": 1
    },
    {
      "id": 2,
      "title": "Put the Pepper Shaker in the Fridge.",
      "robot": 4
    }
  ],
  "robot_spawn_positions": {
    "1": [
      0.25,
      0.9009992480278015,
      2.0
    ],
    "2": [
      -1.0,
      0.9009992480278015,
      -0.75
    ],
    "3": [
      -1.25,
      0.9009992480278015,
      3.25
    ],
    "4": [
      0.75,
      0.9009992480278015,
      0.0
    ]
  }
}