{
  "task_idx": 0,
  "agent_count": 4,
  "assignment": {
    "1": 2,
    "2": 4,
    "3": 1
  },
  "subtasks": [
    {
      "id": 1,
      "title": "Put the Bread in the Fridge.",
      "robot": 2
    },
    {
      "id": 2,
      "title": "Put the Lettuce in the Fridge.",
      "robot": 4
    },
    {
      "id": 3,
      "title": "Put the Tomato in the Fridge.",
      "robot": 1
    }
  ],
  "robot_spawn_positions": {
    "1": [
      1.25,
      0.900999128818512,
      -1.75
    ],
    "2": [
      2.0,
      0.900999128818512,
      0.0
    ],
    "3": [
      1.0,
      0.900999128818512,
      2.0
    ],
    "4": [
      -0.5,
      0.900999128818512,
      -1.5
    ]
  }
}