{
  "task_idx": 0,
  "agent_count": 4,
  "assignment": {
    "1": 4,
    "2": 2,
    "3": 3
  },
  "subtasks": [
    {
      "id": 1,
      "title": "Put the Bread in the Fridge.",
      "robot": 4
    },
    {
      "id": 2,
      "title": "Put the Lettuce in the Fridge.",
      "robot": 2
    },
    {
      "id": 3,
      "title": "Put the Tomato in the Fridge.",
      "robot": 3
    }
  ],
  "robot_spawn_positions": {
    "1": [
      1.75,
      0.900999128818512,
      1.0
    ],
    "2": [
      -1.0,
      0.900999128818512,
      -1.25
    ],
    "3": [
      1.25,
      0.900999128818512,
      -1.0
    ],
    "4": [
      -1.0,
      0.900999128818512,
      1.0
    ]
  }
}