{
  "task_idx": 0,
  "agent_count": 4,
  "assignment": {
    "1": 1,
    "2": 2,
    "3": 4
  },
  "subtasks": [
    {
      "id": 1,
      "title": "subtask_01_Store_the_Fork",
      "robot": 1
    },
    {
      "id": 2,
      "title": "subtask_02_Store_the_Spoon",
      "robot": 2
    },
    {
      "id": 3,
      "title": "subtask_03_Store_the_Knife_in_the_Drawer_REPLAN",
      "robot": 4
    }
  ],
  "replanned": true,
  "robot_spawn_positions": {
    "1": [
      -0.714289665222168,
      1.123205542564392,
      0.8392316102981567
    ],
    "2": [
      -0.6179453730583191,
      1.123205542564392,
      0.100696861743927
    ],
    "3": [
      -0.49625346064567566,
      1.123205542564392,
      -0.8368681073188782
    ],
    "4": [
      0.07183419167995453,
      1.123205542564392,
      -0.08857199549674988
    ]
  }
}