{
  "task_idx": 0,
  "agent_count": 4,
  "assignment": {
    "1": 3,
    "2": 1
  },
  "subtasks": [
    {
      "id": 1,
      "title": "Put the SaltShaker in the Fridge.",
      "robot": 3
    },
    {
      "id": 2,
      "title": "Put the PepperShaker in the Fridge.",
      "robot": 1
    }
  ],
  "robot_spawn_positions": {
    "1": [
      -1.0,
      0.9009992480278015,
      0.75
    ],
    "2": [
      -0.25,
      0.9009992480278015,
      2.5
    ],
    "3": [
      1.25,
      0.9009992480278015,
      1.25
    ],
    "4": [
      -2.5,
      0.9009992480278015,
      2.75
    ]
  }
}